Model,MAE,RMSE,R2,Bias
Global Mean,1.25793586225482,1.7141042936538848,-0.0774929746927661,-0.4596859026826541
Linear Reg (TyreAge Only),1.1973479228795094,1.6330603482581438,0.0219874457488873,-0.4048083119755718
Multiple Linear Reg,0.9397143749150482,1.481933666955324,0.1946262120115545,-0.0008154597978756
XGBoost Baseline,0.4404256895806935,0.708557011828252,0.8158848348046104,0.0075453764951314
XGBoost Baseline (TEST SET 2025),0.4237278810614522,0.7185656076934073,0.8410784013360925,0.0350104548230037
XGBoost Optimized (Val),0.3936335571436155,0.6433012689142055,0.8482359954039521,0.0169489028733457
XGBoost Optimized (Test),0.3831007658515687,0.6584547061361117,0.8665551298946441,0.017614209541451
Voting Ensemble (Val),0.43046082750433007,0.6924499187218941,0.8241603952366083,-0.016753525943170887
Voting Ensemble (Test),0.4196871290930207,0.7235098860190168,0.8388838740852915,0.011101592204859321
