Year,GrandPrix,Round,Country,Location,Time,Driver,DriverNumber,LapTime,LapNumber,Stint,PitOutTime,DriverFullName,PitInTime,Sector1Time,Sector2Time,Sector3Time,Sector1SessionTime,Sector2SessionTime,Sector3SessionTime,SpeedI1,SpeedI2,SpeedFL,SpeedST,IsPersonalBest,Compound,TyreLife,FreshTyre,Team,LapStartTime,LapStartDate,TrackStatus,Position,Deleted,DeletedReason,FastF1Generated,IsAccurate,AirTemp,Humidity,Pressure,Rainfall,TrackTemp,WindDirection,WindSpeed,HasGreen,HasYellow,HasSafetyCar,HasRedFlag,HasVSC,HasVSCEnding,GapToLeader,IntervalToPositionAhead,GapToLeaderSeconds,IntervalToPositionAheadSeconds,TimeSeconds,LapTimeSeconds,PitInTimeSeconds,PitOutTimeSeconds,Sector1TimeSeconds,Sector2TimeSeconds,Sector3TimeSeconds,Sector1SessionTimeSeconds,Sector2SessionTimeSeconds,Sector3SessionTimeSeconds,LapStartTimeSeconds
2021,Belgian Grand Prix,12,Belgium,Spa-Francorchamps,0 days 04:19:36.522000,GAS,10,0 days 00:03:37.248000,1.0,1.0,0 days 04:16:22.073000,Pierre Gasly,,,0 days 00:01:36.460000,0 days 00:00:56.332000,,0 days 04:18:40.288000,0 days 04:19:37.076000,149.0,124.0,167.0,194.0,False,UNKNOWN,1.0,False,AlphaTauri,0 days 04:15:59.115000,,1,6.0,False,,False,False,13.3,96.2,969.7,False,15.3,342,0.6,True,False,False,False,False,False,+10.369,+3.991,10.369,3.991,15576.522,217.248,,15382.073,,96.46,56.332,,15520.288,15577.076,15359.115
2021,Belgian Grand Prix,12,Belgium,Spa-Francorchamps,0 days 04:22:55.818000,GAS,10,,2.0,1.0,,Pierre Gasly,,0 days 00:00:54.363000,0 days 00:01:30.553000,0 days 00:00:54.368000,0 days 04:20:31.001000,0 days 04:22:01.548000,0 days 04:22:56.014000,182.0,125.0,163.0,182.0,False,UNKNOWN,2.0,False,AlphaTauri,0 days 04:19:36.522000,,1,6.0,False,,False,False,13.4,96.2,969.7,True,15.3,337,0.5,True,False,False,False,False,False,+10.294,+2.596,10.294,2.596,15775.818,,,,54.363,90.553,54.368,15631.001,15721.548,15776.014,15576.522
2021,Belgian Grand Prix,12,Belgium,Spa-Francorchamps,0 days 04:26:25.040000,GAS,10,,3.0,1.0,,Pierre Gasly,0 days 04:26:17.408000,0 days 00:00:51.854000,0 days 00:01:30.865000,0 days 00:01:06.519000,0 days 04:23:47.828000,0 days 04:25:18.619000,0 days 04:26:25.211000,180.0,126.0,,192.0,False,UNKNOWN,3.0,False,AlphaTauri,0 days 04:22:55.818000,,15,6.0,False,,False,False,13.4,96.6,969.6,True,15.2,331,0.6,True,False,False,True,False,False,+10.275,+2.381,10.275,2.381,15985.04,,15977.408,,51.854,90.865,66.519,15827.828,15918.619,15985.211,15775.818
2021,Belgian Grand Prix,12,Belgium,Spa-Francorchamps,0 days 04:20:04.570000,PER,11,0 days 00:04:05.276000,1.0,1.0,0 days 04:17:11.788000,Sergio Perez,,,0 days 00:01:13.949000,0 days 00:00:53.441000,,0 days 04:19:11.210000,0 days 04:20:04.756000,154.0,145.0,172.0,172.0,False,UNKNOWN,1.0,False,Red Bull Racing,0 days 04:15:59.115000,,1,20.0,False,,False,False,13.3,96.2,969.7,False,15.3,342,0.6,True,False,False,False,False,False,+39.070,+2.027,39.07,2.027,15604.57,245.276,,15431.788,,73.949,53.441,,15551.21,15604.756,15359.115
2021,Belgian Grand Prix,12,Belgium,Spa-Francorchamps,0 days 04:23:24.002000,PER,11,,2.0,1.0,,Sergio Perez,,0 days 00:01:06.794000,0 days 00:01:12.980000,0 days 00:00:59.666000,0 days 04:21:11.458000,0 days 04:22:24.417000,0 days 04:23:24.185000,160.0,153.0,176.0,152.0,False,UNKNOWN,2.0,False,Red Bull Racing,0 days 04:20:04.570000,,1,20.0,False,,False,False,13.4,96.2,969.7,True,15.3,337,0.5,True,False,False,False,False,False,+39.557,+2.485,39.557,2.485,15804.002,,,,66.794,72.98,59.666,15671.458,15744.417,15804.185,15604.57
2021,Belgian Grand Prix,12,Belgium,Spa-Francorchamps,0 days 04:27:30.402000,PER,11,,3.0,1.0,,Sergio Perez,0 days 04:26:48.509000,0 days 00:00:59.892000,0 days 00:01:21.614000,,0 days 04:24:23.933000,0 days 04:25:45.582000,,178.0,140.0,,125.0,False,UNKNOWN,3.0,False,Red Bull Racing,0 days 04:23:24.002000,,15,20.0,False,,False,False,13.4,97.0,969.6,True,15.2,288,0.3,True,False,False,True,False,False,+38.690,+2.368,38.69,2.368,16050.402,,16008.509,,59.892,81.614,,15863.933,15945.582,,15804.002
2021,Belgian Grand Prix,12,Belgium,Spa-Francorchamps,0 days 04:19:47.015000,ALO,14,0 days 00:03:47.661000,1.0,1.0,0 days 04:16:41.190000,Fernando Alonso,,,0 days 00:01:23.599000,0 days 00:01:00.543000,,0 days 04:18:46.689000,0 days 04:19:47.124000,156.0,137.0,171.0,150.0,False,UNKNOWN,1.0,False,Alpine,0 days 04:15:59.115000,,1,11.0,False,,False,False,13.3,96.2,969.7,False,15.3,342,0.6,True,False,False,False,False,False,+20.590,+4.424,20.59,4.424,15587.015,227.661,,15401.19,,83.599,60.543,,15526.689,15587.124,15359.115
2021,Belgian Grand Prix,12,Belgium,Spa-Francorchamps,0 days 04:23:05.016000,ALO,14,,2.0,1.0,,Fernando Alonso,,0 days 00:00:57.174000,0 days 00:01:23.375000,0 days 00:00:57.520000,0 days 04:20:44.230000,0 days 04:22:07.606000,0 days 04:23:05.205000,176.0,135.0,159.0,139.0,False,UNKNOWN,2.0,False,Alpine,0 days 04:19:47.015000,,1,11.0,False,,False,False,13.4,96.2,969.7,True,15.3,337,0.5,True,False,False,False,False,False,+19.883,+3.569,19.883,3.569,15785.016,,,,57.174,83.375,57.52,15644.23,15727.606,15785.205,15587.015
2021,Belgian Grand Prix,12,Belgium,Spa-Francorchamps,0 days 04:26:36.579000,ALO,14,,3.0,1.0,,Fernando Alonso,0 days 04:26:26.782000,0 days 00:00:56.004000,0 days 00:01:27.393000,0 days 00:01:08.220000,0 days 04:24:01.093000,0 days 04:25:28.468000,0 days 04:26:37.117000,181.0,129.0,,157.0,False,UNKNOWN,3.0,False,Alpine,0 days 04:23:05.016000,,15,11.0,False,,False,False,13.4,96.6,969.6,True,15.2,331,0.6,True,False,False,True,False,False,+20.259,+3.298,20.259,3.298,15996.579,,15986.782,,56.004,87.393,68.22,15841.093,15928.468,15997.117,15785.016
2021,Belgian Grand Prix,12,Belgium,Spa-Francorchamps,0 days 04:19:39.034000,LEC,16,0 days 00:03:39.679000,1.0,1.0,0 days 04:16:29.578000,Charles Leclerc,,,0 days 00:01:29.989000,0 days 00:00:56.823000,,0 days 04:18:42.275000,0 days 04:19:39.123000,222.0,136.0,149.0,192.0,False,UNKNOWN,1.0,False,Ferrari,0 days 04:15:59.115000,,1,8.0,False,,False,False,13.3,96.2,969.7,False,15.3,342,0.6,True,False,False,False,False,False,+12.845,+1.162,12.845,1.162,15579.034,219.679,,15389.578,,89.989,56.823,,15522.275,15579.123,15359.115
2021,Belgian Grand Prix,12,Belgium,Spa-Francorchamps,0 days 04:22:58.146000,LEC,16,,2.0,1.0,,Charles Leclerc,,0 days 00:00:59.842000,0 days 00:01:24.586000,0 days 00:00:54.753000,0 days 04:20:38.871000,0 days 04:22:03.489000,0 days 04:22:58.304000,170.0,127.0,155.0,166.0,False,UNKNOWN,2.0,False,Ferrari,0 days 04:19:39.034000,,1,8.0,False,,False,False,13.4,96.2,969.7,True,15.3,337,0.5,True,False,False,False,False,False,+12.281,+0.864,12.281,0.864,15778.146,,,,59.842,84.586,54.753,15638.871,15723.489,15778.304,15579.034
2021,Belgian Grand Prix,12,Belgium,Spa-Francorchamps,0 days 04:26:29.387000,LEC,16,,3.0,1.0,,Charles Leclerc,0 days 04:26:20.329000,0 days 00:00:55.385000,0 days 00:01:27.900000,0 days 00:01:07.960000,0 days 04:23:53.591000,0 days 04:25:21.543000,0 days 04:26:29.877000,173.0,139.0,,,False,UNKNOWN,3.0,False,Ferrari,0 days 04:22:58.146000,,15,8.0,False,,False,False,13.4,96.6,969.6,True,15.2,331,0.6,True,False,False,True,False,False,+13.217,+1.426,13.217,1.426,15989.387,,15980.329,,55.385,87.9,67.96,15833.591,15921.543,15989.877,15778.146
2021,Belgian Grand Prix,12,Belgium,Spa-Francorchamps,0 days 04:20:00.484000,STR,18,0 days 00:04:01.179000,1.0,1.0,0 days 04:17:06.785000,Lance Stroll,,,0 days 00:01:13.452000,0 days 00:00:59.742000,,0 days 04:19:00.802000,0 days 04:20:00.620000,193.0,151.0,160.0,172.0,False,UNKNOWN,1.0,False,Aston Martin,0 days 04:15:59.115000,,1,18.0,False,,False,False,13.3,96.2,969.7,False,15.3,342,0.6,True,False,False,False,False,False,+34.655,+2.180,34.655,2.18,15600.484,241.179,,15426.785,,73.452,59.742,,15540.802,15600.62,15359.115
2021,Belgian Grand Prix,12,Belgium,Spa-Francorchamps,0 days 04:23:18.498000,STR,18,,2.0,1.0,,Lance Stroll,,0 days 00:01:03.327000,0 days 00:01:13.509000,0 days 00:01:01.197000,0 days 04:21:03.852000,0 days 04:22:17.379000,0 days 04:23:18.734000,151.0,147.0,173.0,145.0,False,UNKNOWN,2.0,False,Aston Martin,0 days 04:20:00.484000,,1,18.0,False,,False,False,13.4,96.2,969.7,True,15.3,337,0.5,True,False,False,False,False,False,+34.087,+2.108,34.087,2.108,15798.498,,,,63.327,73.509,61.197,15663.852,15737.379,15798.734,15600.484
2021,Belgian Grand Prix,12,Belgium,Spa-Francorchamps,0 days 04:27:21.159000,STR,18,,3.0,1.0,,Lance Stroll,0 days 04:26:41.724000,0 days 00:00:56.964000,0 days 00:01:26.049000,0 days 00:01:39.664000,0 days 04:24:15.514000,0 days 04:25:41.555000,0 days 04:27:21.677000,147.0,125.0,,151.0,False,UNKNOWN,3.0,False,Aston Martin,0 days 04:23:18.498000,,15,18.0,False,,False,False,13.4,97.0,969.6,True,15.2,288,0.3,True,False,False,True,False,False,+34.838,+2.151,34.838,2.151,16041.159,,16001.724,,56.964,86.049,99.664,15855.514,15941.555,16041.677,15798.498
2021,Belgian Grand Prix,12,Belgium,Spa-Francorchamps,0 days 04:19:54.819000,TSU,22,0 days 00:03:55.400000,1.0,1.0,0 days 04:16:58.998000,Yuki Tsunoda,,,0 days 00:01:15.657000,0 days 00:01:00.882000,,0 days 04:18:53.937000,0 days 04:19:54.870000,176.0,148.0,184.0,200.0,False,UNKNOWN,1.0,False,AlphaTauri,0 days 04:15:59.115000,,1,15.0,False,,False,False,13.3,96.2,969.7,False,15.3,342,0.6,True,False,False,False,False,False,+28.329,+1.219,28.329,1.219,15594.819,235.4,,15418.998,,75.657,60.882,,15533.937,15594.87,15359.115
2021,Belgian Grand Prix,12,Belgium,Spa-Francorchamps,0 days 04:23:12.994000,TSU,22,,2.0,1.0,,Yuki Tsunoda,,0 days 00:01:02.364000,0 days 00:01:16.474000,0 days 00:00:59.470000,0 days 04:20:57.050000,0 days 04:22:13.620000,0 days 04:23:13.137000,196.0,146.0,178.0,107.0,False,UNKNOWN,2.0,False,AlphaTauri,0 days 04:19:54.819000,,1,15.0,False,,False,False,13.4,96.2,969.7,True,15.3,337,0.5,True,False,False,False,False,False,+28.628,+2.051,28.628,2.051,15792.994,,,,62.364,76.474,59.47,15657.05,15733.62,15793.137,15594.819
2021,Belgian Grand Prix,12,Belgium,Spa-Francorchamps,0 days 04:26:54.211000,TSU,22,,3.0,1.0,,Yuki Tsunoda,0 days 04:26:34.955000,0 days 00:00:57.867000,0 days 00:01:24.634000,0 days 00:01:18.654000,0 days 04:24:10.932000,0 days 04:25:35.557000,0 days 04:26:54.581000,138.0,150.0,,110.0,False,UNKNOWN,3.0,False,AlphaTauri,0 days 04:23:12.994000,,15,15.0,False,,False,False,13.4,96.6,969.6,True,15.2,331,0.6,True,False,False,True,False,False,+28.781,+2.696,28.781,2.696,16014.211,,15994.955,,57.867,84.634,78.654,15850.932,15935.557,16014.581,15792.994
2021,Belgian Grand Prix,12,Belgium,Spa-Francorchamps,0 days 04:19:30.915000,RIC,3,0 days 00:03:31.567000,1.0,1.0,0 days 04:16:14.826000,Daniel Ricciardo,,,0 days 00:01:36.334000,0 days 00:00:54.696000,,0 days 04:18:36.276000,0 days 04:19:31.012000,132.0,125.0,136.0,150.0,False,UNKNOWN,1.0,False,McLaren,0 days 04:15:59.115000,,1,4.0,False,,False,False,13.3,96.2,969.7,False,15.3,342,0.6,True,False,False,False,False,False,+4.496,+1.895,4.496,1.895,15570.915,211.567,,15374.826,,96.334,54.696,,15516.276,15571.012,15359.115
2021,Belgian Grand Prix,12,Belgium,Spa-Francorchamps,0 days 04:22:50.040000,RIC,3,,2.0,1.0,,Daniel Ricciardo,,0 days 00:00:55.219000,0 days 00:01:31.923000,0 days 00:00:52.045000,0 days 04:20:26.181000,0 days 04:21:58.052000,0 days 04:22:50.218000,156.0,91.0,160.0,197.0,False,UNKNOWN,2.0,False,McLaren,0 days 04:19:30.915000,,1,4.0,False,,False,False,13.4,96.2,969.7,True,15.3,337,0.5,True,False,False,False,False,False,+5.147,+1.596,5.147,1.596,15770.04,,,,55.219,91.923,52.045,15626.181,15718.052,15770.218,15570.915
2021,Belgian Grand Prix,12,Belgium,Spa-Francorchamps,0 days 04:26:16.516000,RIC,3,,3.0,1.0,,Daniel Ricciardo,0 days 04:26:11.601000,0 days 00:00:54.072000,0 days 00:01:30.090000,0 days 00:01:02.308000,0 days 04:23:44.201000,0 days 04:25:14.265000,0 days 04:26:16.755000,154.0,130.0,,183.0,False,UNKNOWN,3.0,False,McLaren,0 days 04:22:50.040000,,15,4.0,False,,False,False,13.4,96.6,969.6,True,15.2,331,0.6,True,False,False,True,False,False,+5.951,+2.433,5.951,2.433,15976.516,,15971.601,,54.072,90.09,62.308,15824.201,15914.265,15976.755,15770.04
2021,Belgian Grand Prix,12,Belgium,Spa-Francorchamps,0 days 04:19:38.002000,OCO,31,0 days 00:03:38.650000,1.0,1.0,0 days 04:16:26.148000,Esteban Ocon,,,0 days 00:01:33.383000,0 days 00:00:56.607000,,0 days 04:18:41.486000,0 days 04:19:38.130000,173.0,133.0,171.0,180.0,False,UNKNOWN,1.0,False,Alpine,0 days 04:15:59.115000,,1,7.0,False,,False,False,13.3,96.2,969.7,False,15.3,342,0.6,True,False,False,False,False,False,+11.579,+1.402,11.579,1.402,15578.002,218.65,,15386.148,,93.383,56.607,,15521.486,15578.13,15359.115
2021,Belgian Grand Prix,12,Belgium,Spa-Francorchamps,0 days 04:22:56.456000,OCO,31,,2.0,1.0,,Esteban Ocon,,0 days 00:00:58.745000,0 days 00:01:25.828000,0 days 00:00:53.947000,0 days 04:20:36.772000,0 days 04:22:02.608000,0 days 04:22:56.638000,210.0,139.0,171.0,175.0,False,UNKNOWN,2.0,False,Alpine,0 days 04:19:38.002000,,1,7.0,False,,False,False,13.4,96.2,969.7,True,15.3,337,0.5,True,False,False,False,False,False,+11.417,+1.123,11.417,1.123,15776.456,,,,58.745,85.828,53.947,15636.772,15722.608,15776.638,15578.002
2021,Belgian Grand Prix,12,Belgium,Spa-Francorchamps,0 days 04:26:26.531000,OCO,31,,3.0,1.0,,Esteban Ocon,0 days 04:26:18.895000,0 days 00:00:54.742000,0 days 00:01:28.837000,0 days 00:01:06.524000,0 days 04:23:51.261000,0 days 04:25:20.098000,0 days 04:26:26.756000,189.0,131.0,,182.0,False,UNKNOWN,3.0,False,Alpine,0 days 04:22:56.456000,,15,7.0,False,,False,False,13.4,96.6,969.6,True,15.2,331,0.6,True,False,False,True,False,False,+11.791,+1.516,11.791,1.516,15986.531,,15978.895,,54.742,88.837,66.524,15831.261,15920.098,15986.756,15776.456
2021,Belgian Grand Prix,12,Belgium,Spa-Francorchamps,0 days 04:19:26.382000,VER,33,0 days 00:03:27.071000,1.0,1.0,0 days 04:16:05.434000,Max Verstappen,,,0 days 00:01:36.992000,0 days 00:00:53.620000,,0 days 04:18:32.857000,0 days 04:19:26.547000,140.0,132.0,159.0,121.0,False,UNKNOWN,1.0,False,Red Bull Racing,0 days 04:15:59.115000,,1,1.0,False,,False,False,13.3,96.2,969.7,False,15.3,342,0.6,True,False,False,False,False,False,LAP 1,LAP 1,,,15566.382,207.071,,15365.434,,96.992,53.62,,15512.857,15566.547,15359.115
2021,Belgian Grand Prix,12,Belgium,Spa-Francorchamps,0 days 04:22:44.731000,VER,33,,2.0,1.0,,Max Verstappen,,0 days 00:00:54.169000,0 days 00:01:32.540000,0 days 00:00:51.665000,0 days 04:20:20.657000,0 days 04:21:53.161000,0 days 04:22:44.922000,178.0,116.0,157.0,129.0,False,UNKNOWN,2.0,False,Red Bull Racing,0 days 04:19:26.382000,,1,1.0,False,,False,False,13.4,96.2,969.7,True,15.3,337,0.5,True,False,False,False,False,False,LAP 2,LAP 2,,,15764.731,,,,54.169,92.54,51.665,15620.657,15713.161,15764.922,15566.382
2021,Belgian Grand Prix,12,Belgium,Spa-Francorchamps,0 days 04:26:08.687000,VER,33,,3.0,1.0,,Max Verstappen,0 days 04:26:04.656000,0 days 00:00:52.264000,0 days 00:01:32.729000,0 days 00:00:59.005000,0 days 04:23:37.097000,0 days 04:25:09.777000,0 days 04:26:09.006000,166.0,110.0,,125.0,False,UNKNOWN,3.0,False,Red Bull Racing,0 days 04:22:44.731000,,15,1.0,False,,False,False,13.4,96.6,969.6,True,15.2,331,0.6,True,False,False,True,False,False,LAP 3,LAP 3,,,15968.687,,15964.656,,52.264,92.729,59.005,15817.097,15909.777,15969.006,15764.731
2021,Belgian Grand Prix,12,Belgium,Spa-Francorchamps,0 days 04:19:53.543000,NOR,4,0 days 00:03:54.181000,1.0,1.0,0 days 04:16:56.766000,Lando Norris,,,0 days 00:01:15.041000,0 days 00:01:02.819000,,0 days 04:18:50.744000,0 days 04:19:53.630000,205.0,144.0,167.0,173.0,False,UNKNOWN,1.0,False,McLaren,0 days 04:15:59.115000,,1,14.0,False,,False,False,13.3,96.2,969.7,False,15.3,342,0.6,True,False,False,False,False,False,+27.110,+2.947,27.11,2.947,15593.543,234.181,,15416.766,,75.041,62.819,,15530.744,15593.63,15359.115
2021,Belgian Grand Prix,12,Belgium,Spa-Francorchamps,0 days 04:23:11.944000,NOR,4,,2.0,1.0,,Lando Norris,,0 days 00:01:00.429000,0 days 00:01:17.961000,0 days 00:01:00.087000,0 days 04:20:53.916000,0 days 04:22:11.927000,0 days 04:23:12.113000,198.0,140.0,151.0,94.0,False,UNKNOWN,2.0,False,McLaren,0 days 04:19:53.543000,,1,14.0,False,,False,False,13.4,96.2,969.7,True,15.3,337,0.5,True,False,False,False,False,False,+26.577,+2.160,26.577,2.16,15791.944,,,,60.429,77.961,60.087,15653.916,15731.927,15792.113,15593.543
2021,Belgian Grand Prix,12,Belgium,Spa-Francorchamps,0 days 04:26:47.804000,NOR,4,,3.0,1.0,,Lando Norris,0 days 04:26:33.054000,0 days 00:00:57.001000,0 days 00:01:24.044000,0 days 00:01:14.788000,0 days 04:24:09.053000,0 days 04:25:33.036000,0 days 04:26:48.239000,196.0,141.0,,122.0,False,UNKNOWN,3.0,False,McLaren,0 days 04:23:11.944000,,15,14.0,False,,False,False,13.4,96.6,969.6,True,15.2,331,0.6,True,False,False,True,False,False,+26.085,+2.555,26.085,2.555,16007.804,,15993.054,,57.001,84.044,74.788,15849.053,15933.036,16008.239,15791.944
2021,Belgian Grand Prix,12,Belgium,Spa-Francorchamps,0 days 04:19:28.918000,HAM,44,0 days 00:03:29.672000,1.0,1.0,0 days 04:16:11.245000,Lewis Hamilton,,,0 days 00:01:36.890000,0 days 00:00:53.917000,,0 days 04:18:35.133000,0 days 04:19:29.120000,144.0,104.0,154.0,120.0,False,UNKNOWN,1.0,False,Mercedes,0 days 04:15:59.115000,,1,3.0,False,,False,False,13.3,96.2,969.7,False,15.3,342,0.6,True,False,False,False,False,False,+2.778,+0.612,2.778,0.612,15568.918,209.672,,15371.245,,96.89,53.917,,15515.133,15569.12,15359.115
2021,Belgian Grand Prix,12,Belgium,Spa-Francorchamps,0 days 04:22:48.059000,HAM,44,,2.0,1.0,,Lewis Hamilton,,0 days 00:00:55.741000,0 days 00:01:32.236000,0 days 00:00:51.124000,0 days 04:20:24.848000,0 days 04:21:57.067000,0 days 04:22:48.242000,158.0,94.0,164.0,159.0,False,UNKNOWN,2.0,False,Mercedes,0 days 04:19:28.918000,,1,3.0,False,,False,False,13.4,96.2,969.7,True,15.3,337,0.5,True,False,False,False,False,False,+3.551,+1.131,3.551,1.131,15768.059,,,,55.741,92.236,51.124,15624.848,15717.067,15768.242,15568.918
2021,Belgian Grand Prix,12,Belgium,Spa-Francorchamps,0 days 04:26:13.170000,HAM,44,,3.0,1.0,,Lewis Hamilton,0 days 04:26:08.180000,0 days 00:00:53.382000,0 days 00:01:31.206000,0 days 00:01:00.572000,0 days 04:23:41.540000,0 days 04:25:12.730000,0 days 04:26:13.436000,167.0,116.0,,114.0,False,UNKNOWN,3.0,False,Mercedes,0 days 04:22:48.059000,,15,3.0,False,,False,False,13.4,96.6,969.6,True,15.2,331,0.6,True,False,False,True,False,False,+3.518,+1.320,3.518,1.32,15973.17,,15968.18,,53.382,91.206,60.572,15821.54,15912.73,15973.436,15768.059
2021,Belgian Grand Prix,12,Belgium,Spa-Francorchamps,0 days 04:19:55.956000,MSC,47,0 days 00:03:56.578000,1.0,1.0,0 days 04:17:01.700000,Mick Schumacher,,,0 days 00:01:14.604000,0 days 00:00:59.261000,,0 days 04:18:57.082000,0 days 04:19:56.023000,185.0,144.0,180.0,174.0,False,UNKNOWN,1.0,False,Haas F1 Team,0 days 04:15:59.115000,,1,16.0,False,,False,False,13.3,96.2,969.7,False,15.3,342,0.6,True,False,False,False,False,False,+29.507,+1.178,29.507,1.178,15595.956,236.578,,15421.7,,74.604,59.261,,15537.082,15596.023,15359.115
2021,Belgian Grand Prix,12,Belgium,Spa-Francorchamps,0 days 04:23:14.697000,MSC,47,,2.0,1.0,,Mick Schumacher,,0 days 00:01:02.079000,0 days 00:01:17.080000,0 days 00:00:59.674000,0 days 04:20:58.010000,0 days 04:22:15.101000,0 days 04:23:14.863000,176.0,135.0,178.0,103.0,False,UNKNOWN,2.0,False,Haas F1 Team,0 days 04:19:55.956000,,1,16.0,False,,False,False,13.4,96.2,969.7,True,15.3,337,0.5,True,False,False,False,False,False,+30.609,+1.981,30.609,1.981,15794.697,,,,62.079,77.08,59.674,15658.01,15735.101,15794.863,15595.956
2021,Belgian Grand Prix,12,Belgium,Spa-Francorchamps,0 days 04:27:04.521000,MSC,47,,3.0,1.0,,Mick Schumacher,0 days 04:26:37.027000,0 days 00:00:57.823000,0 days 00:01:25.365000,0 days 00:01:26.618000,0 days 04:24:12.615000,0 days 04:25:37.970000,0 days 04:27:04.953000,157.0,130.0,,118.0,False,UNKNOWN,3.0,False,Haas F1 Team,0 days 04:23:14.697000,,15,16.0,False,,False,False,13.4,96.6,969.6,True,15.2,331,0.6,True,False,False,True,False,False,+30.900,+2.119,30.9,2.119,16024.521,,15997.027,,57.823,85.365,86.618,15852.615,15937.97,16024.953,15794.697
2021,Belgian Grand Prix,12,Belgium,Spa-Francorchamps,0 days 04:19:33.809000,VET,5,0 days 00:03:34.550000,1.0,1.0,0 days 04:16:19.164000,Sebastian Vettel,,,0 days 00:01:37.122000,0 days 00:00:55.188000,,0 days 04:18:38.709000,0 days 04:19:33.990000,173.0,95.0,127.0,173.0,False,UNKNOWN,1.0,False,Aston Martin,0 days 04:15:59.115000,,1,5.0,False,,False,False,13.3,96.2,969.7,False,15.3,342,0.6,True,False,False,False,False,False,+6.378,+2.250,6.378,2.25,15573.809,214.55,,15379.164,,97.122,55.188,,15518.709,15573.99,15359.115
2021,Belgian Grand Prix,12,Belgium,Spa-Francorchamps,0 days 04:22:52.332000,VET,5,,2.0,1.0,,Sebastian Vettel,,0 days 00:00:54.306000,0 days 00:01:32.277000,0 days 00:00:51.913000,0 days 04:20:28.230000,0 days 04:22:00.509000,0 days 04:22:52.516000,129.0,122.0,175.0,194.0,False,UNKNOWN,2.0,False,Aston Martin,0 days 04:19:33.809000,,1,5.0,False,,False,False,13.4,96.2,969.7,True,15.3,337,0.5,True,False,False,False,False,False,+7.698,+2.551,7.698,2.551,15772.332,,,,54.306,92.277,51.913,15628.23,15720.509,15772.516,15573.809
2021,Belgian Grand Prix,12,Belgium,Spa-Francorchamps,0 days 04:26:20.787000,VET,5,,3.0,1.0,,Sebastian Vettel,0 days 04:26:14.189000,0 days 00:00:52.916000,0 days 00:01:31.267000,0 days 00:01:04.298000,0 days 04:23:45.366000,0 days 04:25:16.577000,0 days 04:26:21.268000,178.0,129.0,,202.0,False,UNKNOWN,3.0,False,Aston Martin,0 days 04:22:52.332000,,15,5.0,False,,False,False,13.4,96.6,969.6,True,15.2,331,0.6,True,False,False,True,False,False,+7.894,+1.943,7.894,1.943,15980.787,,15974.189,,52.916,91.267,64.298,15825.366,15916.577,15981.268,15772.332
2021,Belgian Grand Prix,12,Belgium,Spa-Francorchamps,0 days 04:19:42.539000,SAI,55,0 days 00:03:43.237000,1.0,1.0,0 days 04:16:35.238000,Carlos Sainz,,,0 days 00:01:25.427000,0 days 00:00:58.115000,,0 days 04:18:44.520000,0 days 04:19:42.696000,210.0,136.0,161.0,194.0,False,UNKNOWN,1.0,False,Ferrari,0 days 04:15:59.115000,,1,10.0,False,,False,False,13.3,96.2,969.7,False,15.3,342,0.6,True,False,False,False,False,False,+17.126,+1.684,17.126,1.684,15582.539,223.237,,15395.238,,85.427,58.115,,15524.52,15582.696,15359.115
2021,Belgian Grand Prix,12,Belgium,Spa-Francorchamps,0 days 04:23:01.449000,SAI,55,,2.0,1.0,,Carlos Sainz,,0 days 00:00:58.724000,0 days 00:01:24.409000,0 days 00:00:55.793000,0 days 04:20:41.343000,0 days 04:22:05.752000,0 days 04:23:01.618000,163.0,138.0,163.0,187.0,False,UNKNOWN,2.0,False,Ferrari,0 days 04:19:42.539000,,1,10.0,False,,False,False,13.4,96.2,969.7,True,15.3,337,0.5,True,False,False,False,False,False,+16.314,+0.704,16.314,0.704,15781.449,,,,58.724,84.409,55.793,15641.343,15725.752,15781.618,15582.539
2021,Belgian Grand Prix,12,Belgium,Spa-Francorchamps,0 days 04:26:32.507000,SAI,55,,3.0,1.0,,Carlos Sainz,0 days 04:26:24.348000,0 days 00:00:57.385000,0 days 00:01:26.232000,0 days 00:01:07.481000,0 days 04:23:58.920000,0 days 04:25:25.122000,0 days 04:26:33.009000,195.0,122.0,,135.0,False,UNKNOWN,3.0,False,Ferrari,0 days 04:23:01.449000,,15,10.0,False,,False,False,13.4,96.6,969.6,True,15.2,331,0.6,True,False,False,True,False,False,+16.961,+1.327,16.961,1.327,15992.507,,15984.348,,57.385,86.232,67.481,15838.92,15925.122,15993.009,15781.449
2021,Belgian Grand Prix,12,Belgium,Spa-Francorchamps,0 days 04:19:41.919000,LAT,6,0 days 00:03:42.556000,1.0,1.0,0 days 04:16:33.050000,Nicholas Latifi,,,0 days 00:01:27.578000,0 days 00:00:58.139000,,0 days 04:18:43.842000,0 days 04:19:42.017000,171.0,127.0,149.0,161.0,False,UNKNOWN,1.0,False,Williams,0 days 04:15:59.115000,,1,9.0,False,,False,False,13.3,96.2,969.7,False,15.3,342,0.6,True,False,False,False,False,False,+15.485,+2.877,15.485,2.877,15581.919,222.556,,15393.05,,87.578,58.139,,15523.842,15582.017,15359.115
2021,Belgian Grand Prix,12,Belgium,Spa-Francorchamps,0 days 04:23:00.709000,LAT,6,,2.0,1.0,,Nicholas Latifi,,0 days 00:00:58.061000,0 days 00:01:25.074000,0 days 00:00:55.732000,0 days 04:20:40.019000,0 days 04:22:05.039000,0 days 04:23:00.885000,163.0,127.0,145.0,161.0,False,UNKNOWN,2.0,False,Williams,0 days 04:19:41.919000,,1,9.0,False,,False,False,13.4,96.2,969.7,True,15.3,337,0.5,True,False,False,False,False,False,+15.610,+3.329,15.61,3.329,15780.709,,,,58.061,85.074,55.732,15640.019,15725.039,15780.885,15581.919
2021,Belgian Grand Prix,12,Belgium,Spa-Francorchamps,0 days 04:26:31.077000,LAT,6,,3.0,1.0,,Nicholas Latifi,0 days 04:26:22.131000,0 days 00:00:55.110000,0 days 00:01:28.592000,0 days 00:01:06.688000,0 days 04:23:55.908000,0 days 04:25:24.451000,0 days 04:26:31.583000,162.0,118.0,,140.0,False,UNKNOWN,3.0,False,Williams,0 days 04:23:00.709000,,15,9.0,False,,False,False,13.4,96.6,969.6,True,15.2,331,0.6,True,False,False,True,False,False,+15.634,+2.417,15.634,2.417,15991.077,,15982.131,,55.11,88.592,66.688,15835.908,15924.451,15991.583,15780.709
2021,Belgian Grand Prix,12,Belgium,Spa-Francorchamps,0 days 04:19:28.437000,RUS,63,0 days 00:03:29.066000,1.0,1.0,0 days 04:16:08.396000,George Russell,,,0 days 00:01:36.790000,0 days 00:00:54.536000,,0 days 04:18:33.958000,0 days 04:19:28.523000,150.0,119.0,162.0,119.0,False,UNKNOWN,1.0,False,Williams,0 days 04:15:59.115000,,1,2.0,False,,False,False,13.3,96.2,969.7,False,15.3,342,0.6,True,False,False,False,False,False,+1.995,+1.995,1.995,1.995,15568.437,209.066,,15368.396,,96.79,54.536,,15513.958,15568.523,15359.115
2021,Belgian Grand Prix,12,Belgium,Spa-Francorchamps,0 days 04:22:47.156000,RUS,63,,2.0,1.0,,George Russell,,0 days 00:00:54.706000,0 days 00:01:32.105000,0 days 00:00:51.993000,0 days 04:20:23.115000,0 days 04:21:55.255000,0 days 04:22:47.329000,197.0,120.0,160.0,142.0,False,UNKNOWN,2.0,False,Williams,0 days 04:19:28.437000,,1,2.0,False,,False,False,13.4,96.2,969.7,True,15.3,337,0.5,True,False,False,False,False,False,+2.420,+2.420,2.42,2.42,15767.156,,,,54.706,92.105,51.993,15623.115,15715.255,15767.329,15568.437
2021,Belgian Grand Prix,12,Belgium,Spa-Francorchamps,0 days 04:26:10.546000,RUS,63,,3.0,1.0,,George Russell,0 days 04:26:06.501000,0 days 00:00:51.848000,0 days 00:01:32.934000,0 days 00:00:58.604000,0 days 04:23:39.119000,0 days 04:25:11.999000,0 days 04:26:10.671000,171.0,115.0,,146.0,False,UNKNOWN,3.0,False,Williams,0 days 04:22:47.156000,,15,2.0,False,,False,False,13.4,96.6,969.6,True,15.2,331,0.6,True,False,False,True,False,False,+2.198,+2.198,2.198,2.198,15970.546,,15966.501,,51.848,92.934,58.604,15819.119,15911.999,15970.671,15767.156
2021,Belgian Grand Prix,12,Belgium,Spa-Francorchamps,0 days 04:20:02.477000,RAI,7,0 days 00:04:03.125000,1.0,1.0,0 days 04:17:11.663000,Kimi Räikkönen,,,0 days 00:01:12.941000,0 days 00:00:56.431000,,0 days 04:19:06.089000,0 days 04:20:02.562000,163.0,154.0,178.0,171.0,False,UNKNOWN,1.0,False,Alfa Romeo Racing,0 days 04:15:59.115000,,1,19.0,False,,False,False,13.3,96.2,969.7,False,15.3,342,0.6,True,False,False,False,False,False,+36.054,+1.946,36.054,1.946,15602.477,243.125,,15431.663,,72.941,56.431,,15546.089,15602.562,15359.115
2021,Belgian Grand Prix,12,Belgium,Spa-Francorchamps,0 days 04:23:21.374000,RAI,7,,2.0,1.0,,Kimi Räikkönen,,0 days 00:01:04.823000,0 days 00:01:13.226000,0 days 00:01:00.914000,0 days 04:21:07.288000,0 days 04:22:20.503000,0 days 04:23:21.593000,189.0,140.0,172.0,140.0,False,UNKNOWN,2.0,False,Alfa Romeo Racing,0 days 04:20:02.477000,,1,19.0,False,,False,False,13.4,96.2,969.7,True,15.3,337,0.5,True,False,False,False,False,False,+37.072,+2.985,37.072,2.985,15801.374,,,,64.823,73.226,60.914,15667.288,15740.503,15801.593,15602.477
2021,Belgian Grand Prix,12,Belgium,Spa-Francorchamps,0 days 04:27:27.443000,RAI,7,,3.0,1.0,,Kimi Räikkönen,0 days 04:26:45.626000,0 days 00:00:58.518000,0 days 00:01:24.196000,,0 days 04:24:20.015000,0 days 04:25:44.149000,,163.0,153.0,,129.0,False,UNKNOWN,3.0,False,Alfa Romeo Racing,0 days 04:23:21.374000,,15,19.0,False,,False,False,13.4,97.0,969.6,True,15.2,288,0.3,True,False,False,True,False,False,+36.322,+1.484,36.322,1.484,16047.443,,16005.626,,58.518,84.196,,15860.015,15944.149,,15801.374
2021,Belgian Grand Prix,12,Belgium,Spa-Francorchamps,0 days 04:19:48.805000,BOT,77,0 days 00:03:49.485000,1.0,1.0,0 days 04:16:43.184000,Valtteri Bottas,,,0 days 00:01:21.074000,0 days 00:01:01.158000,,0 days 04:18:47.734000,0 days 04:19:48.961000,190.0,138.0,176.0,168.0,False,UNKNOWN,1.0,False,Mercedes,0 days 04:15:59.115000,,1,12.0,False,,False,False,13.3,96.2,969.7,False,15.3,342,0.6,True,False,False,False,False,False,+23.064,+2.081,23.064,2.081,15588.805,229.485,,15403.184,,81.074,61.158,,15527.734,15588.961,15359.115
2021,Belgian Grand Prix,12,Belgium,Spa-Francorchamps,0 days 04:23:06.807000,BOT,77,,2.0,1.0,,Valtteri Bottas,,0 days 00:00:58.411000,0 days 00:01:22.024000,0 days 00:00:57.601000,0 days 04:20:47.436000,0 days 04:22:09.293000,0 days 04:23:06.991000,198.0,137.0,172.0,131.0,False,UNKNOWN,2.0,False,Mercedes,0 days 04:19:48.805000,,1,12.0,False,,False,False,13.4,96.2,969.7,True,15.3,337,0.5,True,False,False,False,False,False,+22.587,+2.704,22.587,2.704,15786.807,,,,58.411,82.024,57.601,15647.436,15729.293,15786.991,15588.805
2021,Belgian Grand Prix,12,Belgium,Spa-Francorchamps,0 days 04:26:38.555000,BOT,77,,3.0,1.0,,Valtteri Bottas,0 days 04:26:28.946000,0 days 00:00:56.820000,0 days 00:01:26.713000,0 days 00:01:08.230000,0 days 04:24:03.699000,0 days 04:25:30.415000,0 days 04:26:39.039000,180.0,118.0,,155.0,False,UNKNOWN,3.0,False,Mercedes,0 days 04:23:06.807000,,15,12.0,False,,False,False,13.4,96.6,969.6,True,15.2,331,0.6,True,False,False,True,False,False,+21.946,+1.687,21.946,1.687,15998.555,,15988.946,,56.82,86.713,68.23,15843.699,15930.415,15999.039,15786.807
2021,Belgian Grand Prix,12,Belgium,Spa-Francorchamps,0 days 04:19:58.406000,MAZ,9,0 days 00:03:59.064000,1.0,1.0,0 days 04:17:04.610000,Nikita Mazepin,,,0 days 00:01:13.457000,0 days 00:01:00.294000,,0 days 04:18:58.192000,0 days 04:19:58.460000,204.0,136.0,161.0,173.0,False,UNKNOWN,1.0,False,Haas F1 Team,0 days 04:15:59.115000,,1,17.0,False,,False,False,13.3,96.2,969.7,False,15.3,342,0.6,True,False,False,False,False,False,+31.993,+2.486,31.993,2.486,15598.406,239.064,,15424.61,,73.457,60.294,,15538.192,15598.46,15359.115
2021,Belgian Grand Prix,12,Belgium,Spa-Francorchamps,0 days 04:23:16.366000,MAZ,9,,2.0,1.0,,Nikita Mazepin,,0 days 00:01:02.656000,0 days 00:01:15.041000,0 days 00:01:00.319000,0 days 04:21:01.060000,0 days 04:22:16.129000,0 days 04:23:16.556000,188.0,133.0,168.0,147.0,False,UNKNOWN,2.0,False,Haas F1 Team,0 days 04:19:58.406000,,1,17.0,False,,False,False,13.4,96.2,969.7,True,15.3,337,0.5,True,False,False,False,False,False,+31.979,+1.370,31.979,1.37,15796.366,,,,62.656,75.041,60.319,15661.06,15736.129,15796.556,15598.406
2021,Belgian Grand Prix,12,Belgium,Spa-Francorchamps,0 days 04:27:11.404000,MAZ,9,,3.0,1.0,,Nikita Mazepin,0 days 04:26:39.604000,0 days 00:00:57.519000,0 days 00:01:25.715000,0 days 00:01:31.814000,0 days 04:24:13.976000,0 days 04:25:39.644000,0 days 04:27:11.870000,194.0,124.0,,152.0,False,UNKNOWN,3.0,False,Haas F1 Team,0 days 04:23:16.366000,,15,17.0,False,,False,False,13.4,96.6,969.6,True,15.2,331,0.6,True,False,False,True,False,False,+32.687,+1.787,32.687,1.787,16031.404,,15999.604,,57.519,85.715,91.814,15853.976,15939.644,16031.87,15796.366
2021,Belgian Grand Prix,12,Belgium,Spa-Francorchamps,0 days 04:19:50.600000,GIO,99,0 days 00:03:51.234000,1.0,1.0,0 days 04:16:47.072000,Antonio Giovinazzi,,,0 days 00:01:20.343000,0 days 00:01:01.243000,,0 days 04:18:49.390000,0 days 04:19:50.686000,153.0,135.0,164.0,173.0,False,UNKNOWN,1.0,False,Alfa Romeo Racing,0 days 04:15:59.115000,,1,13.0,False,,False,False,13.3,96.2,969.7,False,15.3,342,0.6,True,False,False,False,False,False,+24.163,+1.749,24.163,1.749,15590.6,231.234,,15407.072,,80.343,61.243,,15529.39,15590.686,15359.115
2021,Belgian Grand Prix,12,Belgium,Spa-Francorchamps,0 days 04:23:08.722000,GIO,99,,2.0,1.0,,Antonio Giovinazzi,,0 days 00:00:58.328000,0 days 00:01:21.342000,0 days 00:00:58.532000,0 days 04:20:48.881000,0 days 04:22:10.225000,0 days 04:23:08.880000,171.0,131.0,170.0,110.0,False,UNKNOWN,2.0,False,Alfa Romeo Racing,0 days 04:19:50.600000,,1,13.0,False,,False,False,13.4,96.2,969.7,True,15.3,337,0.5,True,False,False,False,False,False,+24.417,+1.830,24.417,1.83,15788.722,,,,58.328,81.342,58.532,15648.881,15730.225,15788.88,15590.6
2021,Belgian Grand Prix,12,Belgium,Spa-Francorchamps,0 days 04:26:41.307000,GIO,99,,3.0,1.0,,Antonio Giovinazzi,0 days 04:26:31.060000,0 days 00:00:56.479000,0 days 00:01:26.564000,0 days 00:01:09.553000,0 days 04:24:05.223000,0 days 04:25:31.852000,0 days 04:26:41.775000,167.0,134.0,,132.0,False,UNKNOWN,3.0,False,Alfa Romeo Racing,0 days 04:23:08.722000,,15,13.0,False,,False,False,13.4,96.6,969.6,True,15.2,331,0.6,True,False,False,True,False,False,+23.530,+1.584,23.53,1.584,16001.307,,15991.06,,56.479,86.564,69.553,15845.223,15931.852,16001.775,15788.722
